지역,날짜,평균기온(°C),월합강수량(00~24h만)(mm),평균풍속(m/s),최심적설(cm)
강원도,2019-01,-1.857142857,4.678571429,1.714285714,17.1
강원도,2019-02,0.585714286,22.92857143,1.614285714,17.1
강원도,2019-03,5.885714286,41.65714286,1.892857143,
강원도,2019-04,10.53571429,61.27857143,1.85,
강원도,2019-05,18.25,14.86428571,1.95,
강원도,2019-06,20.24285714,103.3357143,1.514285714,
강원도,2019-07,23.99285714,201.7071429,1.607142857,
강원도,2019-08,24.77142857,187.1857143,1.442857143,
강원도,2019-09,20.00714286,194.1428571,1.335714286,
강원도,2019-10,14.1,174.1928571,1.464285714,
강원도,2019-11,6.55,78.75714286,1.407142857,0.3
강원도,2019-12,1.007142857,9.857142857,1.585714286,0.9
강원도,2020-01,0.728571429,85.33571429,1.578571429,0.5
강원도,2020-02,1.721428571,54.20714286,1.721428571,4.2
강원도,2020-03,6.521428571,27.97857143,1.95,7
강원도,2020-04,9.628571429,35.90714286,2.192857143,
강원도,2020-05,16.74285714,119.4928571,1.764285714,
강원도,2020-06,22.42142857,121.7785714,1.678571429,
강원도,2020-07,21.77142857,271.6357143,1.442857143,
강원도,2020-08,25.05714286,508.1071429,1.407142857,
강원도,2020-09,18.67857143,304.6428571,1.771428571,
강원도,2020-10,11.87142857,3.278571429,1.3,
강원도,2020-11,6.985714286,38.70714286,1.635714286,
강원도,2020-12,-1.542857143,4.05,1.65,6.2
강원도,2021-01,-3.435714286,10.22142857,1.778571429,4.9
강원도,2021-02,1.757142857,4.964285714,2.057142857,8.9
강원도,2021-03,7.292857143,101.2,1.728571429,37.4
강원도,2021-04,11.92142857,102.7,1.857142857,
강원도,2021-05,15.5,159.4285714,1.707142857,
강원도,2021-06,20.57142857,78.69285714,1.421428571,
강원도,2021-07,25.30714286,144.6571429,1.207142857,
강원도,2021-08,23.45,247.8,1.328571429,
강원도,2021-09,19.9,135.3,1.35,
강원도,2021-10,13.57857143,91.05,1.207142857,
강원도,2021-11,6.914285714,37.19285714,1.7,
강원도,2021-12,0.042857143,16.72142857,1.814285714,35.3
강원도,2022-01,-2.928571429,3.3,1.392857143,10.4
강원도,2022-02,-1.892857143,5.45,2.021428571,1.4
강원도,2022-03,6.242857143,88.67857143,1.771428571,7.8
강원도,2022-04,13.21428571,39.84285714,1.914285714,
강원도,2022-05,17.27142857,9.314285714,1.828571429,
강원도,2022-06,21.27857143,267.0071429,1.692857143,
강원도,2022-07,24.77857143,212.4285714,1.171428571,
강원도,2022-08,24.02142857,404.3928571,1.278571429,
강원도,2022-09,19.37142857,197.9214286,1.407142857,
강원도,2022-10,12.26428571,173.65,1.278571429,
강원도,2022-11,8.207142857,57.43571429,1.271428571,
강원도,2022-12,-3.585714286,5.964285714,1.742857143,6.1
강원도,2023-01,-2.678571429,49.85714286,1.507142857,14.5
강원도,2023-02,0.957142857,15.99285714,1.435714286,25
강원도,2023-03,8.25,13.12142857,1.614285714,0.8
강원도,2023-04,12.17857143,57.5,1.935714286,
강원도,2023-05,17.19285714,112,1.557142857,
강원도,2023-06,21.62142857,196.6357143,1.478571429,
강원도,2023-07,25.15714286,277.9714286,1.314285714,
강원도,2023-08,24.99285714,324.9928571,1.321428571,
강원도,2023-09,21.02142857,178.1642857,1.171428571,
강원도,2023-10,13.17857143,26.34285714,1.242857143,
강원도,2023-11,6.307142857,66.67142857,1.857142857,
강원도,2023-12,-0.028571429,129.7714286,1.685714286,7.5
강원도,2024-01,-1.328571429,19.22857143,1.585714286,15.7
강원도,2024-02,1.7,93.22857143,1.4,30.9
강원도,2024-03,5.092857143,50.11428571,1.778571429,7.7
강원도,2024-04,14.08571429,38.35,1.621428571,
강원도,2024-05,17.00714286,93.65,1.757142857,
강원도,2024-06,22.30714286,122.4142857,1.428571429,
강원도,2024-07,25.62142857,333.8857143,1.735714286,
강원도,2024-08,26.97857143,95.27142857,1.371428571,
강원도,2024-09,22.35714286,289.0214286,1.378571429,
강원도,2024-10,14.32142857,121.3,1.235714286,
강원도,2024-11,8.164285714,36.02857143,1.428571429,2.5
강원도,2024-12,-0.371428571,6.007142857,1.821428571,4
강원도,2025-01,-2.335714286,16.49285714,1.714285714,11
강원도,2025-02,-2.228571429,1.928571429,2.057142857,5.5
강원도,2025-03,5.835714286,67.67857143,1.942857143,20.9
강원도,2025-04,12.02142857,63.82142857,1.978571429,0.4
강원도,2025-05,15.92142857,79.85,1.742857143,
강원도,2025-06,22.59285714,87.74285714,1.607142857,
경기도,2019-01,-2.44,0.56,1.32,0.1
경기도,2019-02,-0.02,29.16,1.42,3.9
경기도,2019-03,5.9,34.96,1.74,
경기도,2019-04,11.12,44.36,1.64,
경기도,2019-05,18.32,28.36,1.76,
경기도,2019-06,21.62,66.86,1.44,
경기도,2019-07,25.08,251.06,1.54,
경기도,2019-08,25.9,147.02,1.32,
경기도,2019-09,21.1,239.64,1.3,
경기도,2019-10,14.68,56.66,1.24,
경기도,2019-11,6.1,77.72,1.24,
경기도,2019-12,0.28,24.12,1.22,0.5
경기도,2020-01,0.6,70.28,1.18,
경기도,2020-02,1.7,55.58,1.4,6
경기도,2020-03,6.9,17.48,1.86,
경기도,2020-04,10.32,19.7,2.1,
경기도,2020-05,17.34,116.42,1.46,
경기도,2020-06,22.96,110.26,1.46,
경기도,2020-07,23.22,292.36,1.38,
경기도,2020-08,25.78,668.1,1.48,
경기도,2020-09,19.94,164.16,1.46,
경기도,2020-10,12.4,7.98,1.1,
경기도,2020-11,6.64,58.5,1.32,
경기도,2020-12,-1.76,4.16,1.28,2.4
경기도,2021-01,-3.68,18.46,1.44,9.4
경기도,2021-02,1.62,9.12,1.78,7.4
경기도,2021-03,7.9,106.24,1.54,0.3
경기도,2021-04,13.16,100.52,1.74,
경기도,2021-05,16.06,192.9,1.54,
경기도,2021-06,21.84,64.86,1.26,
경기도,2021-07,26.62,118.04,1.18,
경기도,2021-08,24.66,168.82,1.22,
경기도,2021-09,21.22,145.84,1.34,
경기도,2021-10,14.14,53.16,1.08,
경기도,2021-11,6.7,64.76,1.22,
경기도,2021-12,-0.56,7.96,1.38,3.4
경기도,2022-01,-3.36,5.38,1.2,2
경기도,2022-02,-1.98,5.14,1.76,4.6
경기도,2022-03,6.6,92.44,1.58,
경기도,2022-04,13.44,35.32,1.68,
경기도,2022-05,17.66,11.6,1.68,
경기도,2022-06,22.22,430.46,1.62,
경기도,2022-07,26.1,274.08,1.24,
경기도,2022-08,24.7,592.4,1.28,
경기도,2022-09,20.5,191.24,1.12,
경기도,2022-10,12.86,124,1,
경기도,2022-11,8.16,64.38,0.98,
경기도,2022-12,-4.6,13.12,1.14,7
경기도,2023-01,-3.12,43.8,1.12,5.5
경기도,2023-02,1.02,0.72,1.18,
경기도,2023-03,8.38,9.68,1.48,
경기도,2023-04,12.78,78.9,1.64,
경기도,2023-05,18.12,146.16,1.38,
경기도,2023-06,22.38,175.8,1.32,
경기도,2023-07,25.64,472.12,1.3,
경기도,2023-08,26.04,233.2,1.24,
경기도,2023-09,22.2,107.26,1.06,
경기도,2023-10,13.64,42.68,0.94,
경기도,2023-11,5.86,90.58,1.58,0.1
경기도,2023-12,-0.06,85.48,1.32,6.5
경기도,2024-01,-1.56,17.88,1.24,2.1
경기도,2024-02,2.8,72.5,1.32,5.9
경기도,2024-03,5.98,30.84,1.76,
경기도,2024-04,15.1,44.06,1.4,
경기도,2024-05,17.34,117.38,1.48,
경기도,2024-06,22.96,120.1,1.32,
경기도,2024-07,25.78,533.5,1.56,
경기도,2024-08,27.84,121.12,1.14,
경기도,2024-09,23.96,199.36,1.18,
경기도,2024-10,14.86,89.9,0.96,
경기도,2024-11,8.1,62.74,1.06,43
경기도,2024-12,-0.92,5.68,1.2,12.7
경기도,2025-01,-2.34,21.38,1.16,16.5
경기도,2025-02,-2.5,4.76,1.64,4.6
경기도,2025-03,6.78,38.76,1.76,3.5
경기도,2025-04,12.4,97.02,1.7,0.4
경기도,2025-05,16.58,86.3,1.38,
경기도,2025-06,22.76,129.9,1.36,
인천광역시,2019-01,-0.533333333,0.266666667,3.333333333,0.6
인천광역시,2019-02,0.566666667,21.9,3.266666667,4.6
인천광역시,2019-03,5.633333333,24.2,3.5,
인천광역시,2019-04,10.36666667,31.03333333,2.966666667,
인천광역시,2019-05,16.56666667,35.03333333,3.166666667,
인천광역시,2019-06,19.93333333,47.2,2.566666667,
인천광역시,2019-07,23.86666667,219.1333333,2.733333333,
인천광역시,2019-08,25.6,106.1666667,2.366666667,
인천광역시,2019-09,21.4,244.2666667,2.566666667,
인천광역시,2019-10,15.93333333,22.36666667,2.8,
인천광역시,2019-11,8,84.36666667,3.2,
인천광역시,2019-12,2.166666667,28.8,3.433333333,
인천광역시,2020-01,1.766666667,50.96666667,3.1,
인천광역시,2020-02,2.233333333,40.4,3.166666667,4.3
인천광역시,2020-03,6.533333333,8.1,3.8,
인천광역시,2020-04,9.9,14.93333333,3.966666667,
인천광역시,2020-05,15.5,149.5333333,2.933333333,
인천광역시,2020-06,20.63333333,124,2.566666667,
인천광역시,2020-07,22.23333333,247.9,2.466666667,
인천광역시,2020-08,25,422.9,2.966666667,
인천광역시,2020-09,20.63333333,205.4,2.833333333,
인천광역시,2020-10,14.36666667,9.266666667,2.7,
인천광역시,2020-11,8.2,54.7,3.166666667,
인천광역시,2020-12,0.466666667,7.633333333,3.333333333,6.3
인천광역시,2021-01,-2.1,33.13333333,3.333333333,50.6
인천광역시,2021-02,1.833333333,7.666666667,3.633333333,4.6
인천광역시,2021-03,6.9,87.93333333,2.9,0.4
인천광역시,2021-04,12.16666667,97.23333333,3.166666667,
인천광역시,2021-05,15.46666667,166.5666667,3.033333333,
인천광역시,2021-06,20.33333333,95.06666667,2.366666667,
인천광역시,2021-07,25.76666667,69.26666667,2.166666667,
인천광역시,2021-08,24.53333333,256,2.266666667,
인천광역시,2021-09,21.8,142,2.666666667,
인천광역시,2021-10,15.5,47.26666667,2.766666667,
인천광역시,2021-11,8.7,57.26666667,3.1,
인천광역시,2021-12,1.566666667,9,3.5,5.2
인천광역시,2022-01,-1.766666667,8.6,3.2,8
인천광역시,2022-02,-1.066666667,3.6,3.5,5.3
인천광역시,2022-03,6.066666667,83.23333333,3.266666667,1
인천광역시,2022-04,11.86666667,13.96666667,3.133333333,
인천광역시,2022-05,15.93333333,7.033333333,3.1,
인천광역시,2022-06,20.76666667,330,3.033333333,
인천광역시,2022-07,25.13333333,230.2,2.433333333,
인천광역시,2022-08,24.26666667,359.6333333,2.633333333,
인천광역시,2022-09,20.9,150.9333333,2.533333333,
인천광역시,2022-10,13.7,122.6,2.9,
인천광역시,2022-11,9.533333333,74.13333333,2.866666667,1.1
인천광역시,2022-12,-2.233333333,17.2,3.4,6.1
인천광역시,2023-01,-1.6,43.56666667,3.3,14
인천광역시,2023-02,1.3,0.966666667,3,
인천광역시,2023-03,7.066666667,6.266666667,3.2,
인천광역시,2023-04,11.66666667,77.43333333,3.266666667,
인천광역시,2023-05,16.6,139.5333333,2.7,
인천광역시,2023-06,20.73333333,126.7666667,2.433333333,
인천광역시,2023-07,24.8,297.9666667,2.466666667,
인천광역시,2023-08,25.46666667,249.2333333,2.166666667,
인천광역시,2023-09,22.43333333,76.2,1.8,
인천광역시,2023-10,15.7,32.1,2.566666667,
인천광역시,2023-11,6.866666667,85.63333333,3.766666667,2.5
인천광역시,2023-12,1.1,79.9,3.266666667,12
인천광역시,2024-01,-0.5,15.2,3.233333333,5
인천광역시,2024-02,2.633333333,65.06666667,3.266666667,9.9
인천광역시,2024-03,5.8,24.16666667,3.433333333,
인천광역시,2024-04,13.26666667,44.8,2.6,
인천광역시,2024-05,15.96666667,109.2333333,2.8,
인천광역시,2024-06,21.53333333,71.9,2.4,
인천광역시,2024-07,24.63333333,377.1666667,3.2,
인천광역시,2024-08,27.4,129.9666667,2.166666667,
인천광역시,2024-09,23.9,102.5,2.233333333,
인천광역시,2024-10,16.06666667,79.26666667,2.4,
인천광역시,2024-11,9.666666667,57.03333333,2.933333333,26
인천광역시,2024-12,1.133333333,9.766666667,3.3,4.8
인천광역시,2025-01,-0.566666667,22.36666667,3.1,6.3
인천광역시,2025-02,-1.366666667,8.433333333,3.8,5
인천광역시,2025-03,6,26.5,3.466666667,3.6
인천광역시,2025-04,10.8,113.7333333,3.2,
인천광역시,2025-05,15.3,98.3,2.8,
인천광역시,2025-06,20.86666667,132.4666667,2.566666667,
서울특별시,2019-01,-0.9,0,1.8,
서울특별시,2019-02,1,23.8,1.8,3.3
서울특별시,2019-03,7.1,26.8,2.1,
서울특별시,2019-04,12.1,47.3,1.9,
서울특별시,2019-05,19.4,37.8,2.1,
서울특별시,2019-06,22.5,74,1.7,
서울특별시,2019-07,25.9,194.4,1.8,
서울특별시,2019-08,27.2,190.5,1.6,
서울특별시,2019-09,22.6,139.8,2.2,
서울특별시,2019-10,16.4,55.5,2.1,
서울특별시,2019-11,7.6,78.8,2.2,
서울특별시,2019-12,1.4,22.6,2.1,0
서울특별시,2020-01,1.6,60.5,2.1,0.3
서울특별시,2020-02,2.5,53.1,2.3,5.5
서울특별시,2020-03,7.7,16.3,2.5,
서울특별시,2020-04,11.1,16.9,3,
서울특별시,2020-05,18,112.4,2.4,
서울특별시,2020-06,23.9,139.6,2.3,
서울특별시,2020-07,24.1,270.4,2.4,
서울특별시,2020-08,26.5,675.7,2.3,
서울특별시,2020-09,21.4,181.5,2.5,
서울특별시,2020-10,14.3,0,2.1,
서울특별시,2020-11,8,120.1,2.2,
서울특별시,2020-12,-0.3,4.6,2.2,3.2
서울특별시,2021-01,-2.4,18.9,2.5,5.1
서울특별시,2021-02,2.7,7.1,2.6,4.3
서울특별시,2021-03,9,110.9,2.4,2.3
서울특별시,2021-04,14.2,124.1,2.6,
서울특별시,2021-05,17.1,183.1,2.4,
서울특별시,2021-06,22.8,104.6,2.2,
서울특별시,2021-07,28.1,168.3,2,
서울특별시,2021-08,25.9,211.2,2.1,
서울특별시,2021-09,22.6,131,2.3,
서울특별시,2021-10,15.6,57,2.1,
서울특별시,2021-11,8.2,62.4,2.1,
서울특별시,2021-12,0.6,7.9,2.3,4.6
서울특별시,2022-01,-2.2,5.5,2.2,3.5
서울특별시,2022-02,-1.1,4.7,2.6,5
서울특별시,2022-03,7.7,102.6,2.5,0.7
서울특별시,2022-04,14.8,20.4,2.7,
서울특별시,2022-05,19.1,7.5,2.6,
서울특별시,2022-06,23.3,393.8,2.5,
서울특별시,2022-07,27.3,252.3,2.1,
서울특별시,2022-08,25.7,564.8,2.3,
서울특별시,2022-09,22.4,201.5,2.4,
서울특별시,2022-10,14.6,124.1,2.2,
서울특별시,2022-11,10,84.5,2.1,
서울특별시,2022-12,-2.8,13.6,2.3,4.5
서울특별시,2023-01,-1.5,47.9,2.4,4.5
서울특별시,2023-02,2.3,1,2.3,
서울특별시,2023-03,9.8,10.5,2.3,
서울특별시,2023-04,13.8,96.9,2.5,
서울특별시,2023-05,19.5,155.6,2.3,
서울특별시,2023-06,23.4,195.6,2.2,
서울특별시,2023-07,26.7,459.9,2.1,
서울특별시,2023-08,27.2,298.1,2.2,
서울특별시,2023-09,23.7,134.5,2,
서울특별시,2023-10,15.8,31,1.9,
서울특별시,2023-11,6.8,81.9,2.6,
서울특별시,2023-12,1.1,85.9,2.4,12.2
서울특별시,2024-01,-0.5,18.9,2.3,6
서울특별시,2024-02,3.8,74.7,2.5,13.8
서울특별시,2024-03,7,29.9,2.7,
서울특별시,2024-04,16.3,33.2,2.4,
서울특별시,2024-05,18.5,125.1,2.4,
서울특별시,2024-06,24.6,115.9,2.2,
서울특별시,2024-07,26.6,557.3,2.5,
서울특별시,2024-08,29.3,72.8,2.1,
서울특별시,2024-09,25.5,143.9,2.3,
서울특별시,2024-10,16.7,74,2,
서울특별시,2024-11,9.7,60,2,28.6
서울특별시,2024-12,0.8,5.7,2.2,5.3
서울특별시,2025-01,-0.4,19.5,2.3,6.4
서울특별시,2025-02,-1.2,5.2,2.6,3.3
서울특별시,2025-03,8,38.2,2.8,8.9
서울특별시,2025-04,13.4,94.6,2.5,0.6
서울특별시,2025-05,17.8,123.6,2.3,
서울특별시,2025-06,24,98.1,2.3,
울릉도,2019-01,3.4,57.2,3.4,13
울릉도,2019-02,3.9,96.6,3.6,21.2
울릉도,2019-03,8,91.3,4,1.7
울릉도,2019-04,10.5,76.4,4.2,
울릉도,2019-05,18.4,19,4.1,
울릉도,2019-06,18.6,242,4,
울릉도,2019-07,23.1,105.8,4.3,
울릉도,2019-08,25.4,41,3.3,
울릉도,2019-09,21,256.2,3.7,
울릉도,2019-10,15.9,192.5,4.4,
울릉도,2019-11,10.2,121.2,3.8,
울릉도,2019-12,5.9,68.2,3.4,10.1
울릉도,2020-01,4.5,112.9,4,10
울릉도,2020-02,4.4,215.7,3.7,113.5
울릉도,2020-03,7.4,65.5,4.1,4.4
울릉도,2020-04,10.4,44.5,4.4,
울릉도,2020-05,16.4,124.6,3.8,
울릉도,2020-06,21.5,100.9,3.6,
울릉도,2020-07,20.8,308.2,2.9,
울릉도,2020-08,25.7,68.4,4.3,
울릉도,2020-09,20,110.8,4.8,
울릉도,2020-10,15.3,82.5,3.3,
울릉도,2020-11,10.8,118.8,3.2,
울릉도,2020-12,4,109.2,2.9,48.6
울릉도,2021-01,1.3,105.9,3.4,70.8
울릉도,2021-02,4.6,74.6,4.2,25.2
울릉도,2021-03,8.1,59.3,4.1,6.4
울릉도,2021-04,11.6,143.9,4.2,
울릉도,2021-05,15.7,92.2,3.8,
울릉도,2021-06,19.7,82.3,3.1,
울릉도,2021-07,24.8,89,2.2,
울릉도,2021-08,24.2,312.2,3.2,
울릉도,2021-09,20.6,179.2,3.8,
울릉도,2021-10,15.8,191.8,3.8,
울릉도,2021-11,11.1,38.3,3.6,
울릉도,2021-12,4.9,164.3,3.5,57
울릉도,2022-01,2,53.4,3.1,51.9
울릉도,2022-02,1.7,59,3,22.4
울릉도,2022-03,7.3,51.1,3.9,
울릉도,2022-04,12.8,39.5,4.5,
울릉도,2022-05,17.9,5,3.7,
울릉도,2022-06,20.5,164.3,4.4,
울릉도,2022-07,24.5,152.8,2.5,
울릉도,2022-08,24.9,167.9,4,
울릉도,2022-09,20.7,73.6,3.6,
울릉도,2022-10,14.8,265,4,
울릉도,2022-11,12.7,70.9,3.3,
울릉도,2022-12,2.9,108.9,3.7,35.9
울릉도,2023-01,2.6,186.5,3.7,78.4
울릉도,2023-02,3.9,43.2,4,51.8
울릉도,2023-03,9.9,46.9,4.1,3
울릉도,2023-04,12.6,68.9,4.4,
울릉도,2023-05,17.1,152.6,4.7,
울릉도,2023-06,21.8,125.3,3.6,
울릉도,2023-07,24.9,222.5,4.3,
울릉도,2023-08,26.8,41.1,2.6,
울릉도,2023-09,22.3,292,3.7,
울릉도,2023-10,16.8,49.1,3.3,
울릉도,2023-11,11.2,115.5,4.6,2.7
울릉도,2023-12,5.3,183.8,3.9,36.5
울릉도,2024-01,3.3,135.7,4.2,49.5
울릉도,2024-02,4.1,95.7,5.3,13.5
울릉도,2024-03,6.7,89.9,4.6,3.2
울릉도,2024-04,13.8,45.2,4.2,
울릉도,2024-05,16.5,84.3,4.8,
울릉도,2024-06,21.7,86.9,3.6,
울릉도,2024-07,25.5,208.2,5.2,
울릉도,2024-08,27.1,33.7,3.2,
울릉도,2024-09,23.8,543.4,3.6,
울릉도,2024-10,17.7,227.2,3.8,
울릉도,2024-11,11.6,264.6,4.1,1.5
울릉도,2024-12,4.8,138.8,3.7,37.5
울릉도,2025-01,3,97.5,3.7,26.5
울릉도,2025-02,1.8,112.2,3.8,28.3
울릉도,2025-03,7.1,91.5,5,37.5
울릉도,2025-04,12.1,77,4.9,
울릉도,2025-05,16,88.4,4.6,
울릉도,2025-06,22,162.2,3.8,
충청북도,2019-01,-2.3,1.525,1.35,
충청북도,2019-02,0.55,30.075,1.325,1.5
충청북도,2019-03,6.125,31.675,1.6,
충청북도,2019-04,11.45,69.55,1.575,
충청북도,2019-05,18.4,26.15,1.725,
충청북도,2019-06,21.6,76.5,1.325,
충청북도,2019-07,24.9,187.725,1.45,
충청북도,2019-08,25.975,103.725,1.35,
충청북도,2019-09,21.225,167.925,1.25,
충청북도,2019-10,14.45,77.7,1.175,
충청북도,2019-11,6.625,89.175,1.1,
충청북도,2019-12,0.325,23.625,1,0.3
충청북도,2020-01,0.9,65.525,1.1,0
충청북도,2020-02,1.975,65.7,1.3,5.5
충청북도,2020-03,6.975,20.4,1.55,
충청북도,2020-04,10.15,26.6,1.9,
충청북도,2020-05,17.75,98.55,1.5,
충청북도,2020-06,23.175,126.95,1.375,
충청북도,2020-07,22.975,389.275,1.325,
충청북도,2020-08,26,541.25,1.15,
충청북도,2020-09,19.475,150.825,1.375,
충청북도,2020-10,12.05,7.975,1.025,
충청북도,2020-11,6.8,30.35,1.175,
충청북도,2020-12,-2.05,8.025,1.125,5.8
충청북도,2021-01,-3.175,16.075,1.275,6.3
충청북도,2021-02,1.95,11.525,1.575,3.9
충청북도,2021-03,8.05,87.55,1.425,0.2
충청북도,2021-04,13.1,66.575,1.7,
충청북도,2021-05,16.15,156.775,1.4,
충청북도,2021-06,22.05,91.05,1.275,
충청북도,2021-07,26.3,208.95,1.225,
충청북도,2021-08,24.35,230.925,1.175,
충청북도,2021-09,20.9,199.175,1.3,
충청북도,2021-10,13.825,33.825,0.95,
충청북도,2021-11,6.7,48.775,1.15,
충청북도,2021-12,-0.125,5.55,1.25,2.2
충청북도,2022-01,-2.925,2.675,1.025,0.9
충청북도,2022-02,-1.75,4.45,1.625,1.3
충청북도,2022-03,6.775,81.35,1.3,
충청북도,2022-04,13.4,48.15,1.4,
충청북도,2022-05,17.775,7.7,1.45,
충청북도,2022-06,22.65,180.2,1.5,
충청북도,2022-07,25.925,248.4,1.225,
충청북도,2022-08,24.775,463.475,1.15,
충청북도,2022-09,20.5,95.85,1.3,
충청북도,2022-10,12.85,94.8,1.025,
충청북도,2022-11,7.875,59.025,0.9,
충청북도,2022-12,-4.225,19.1,1.05,11.2
충청북도,2023-01,-2.675,27.725,1.125,2.6
충청북도,2023-02,1.15,3.4,1.15,
충청북도,2023-03,8.7,18.625,1.275,
충청북도,2023-04,12.825,40.675,1.575,
충청북도,2023-05,18.26,164.7,1.44,
충청북도,2023-06,22.84,170.14,1.44,
충청북도,2023-07,25.6,675.1,1.18,
충청북도,2023-08,26.3,257.42,1.32,
충청북도,2023-09,22.12,246.98,1.14,
충청북도,2023-10,13.38,21.94,0.98,
충청북도,2023-11,6.34,44.78,1.5,1.5
충청북도,2023-12,0.66,101.1,1.32,4.7
충청북도,2024-01,-0.88,33.04,1.34,5
충청북도,2024-02,3.12,82.72,1.42,0.5
충청북도,2024-03,6.22,46.46,1.78,
충청북도,2024-04,15.22,50.66,1.44,
충청북도,2024-05,17.52,126.18,1.52,
충청북도,2024-06,22.88,108.38,1.3,
충청북도,2024-07,25.98,506.1,1.52,
충청북도,2024-08,27.62,87.18,1.24,
충청북도,2024-09,24.22,237.6,1.24,
충청북도,2024-10,15.04,112.2,1.1,
충청북도,2024-11,8.54,40.42,1.12,1.1
충청북도,2024-12,0.04,5.9,1.3,2.6
충청북도,2025-01,-1.64,15.06,1.24,6.1
충청북도,2025-02,-1.94,8.42,1.78,4.6
충청북도,2025-03,7.2,49.44,1.84,2.5
충청북도,2025-04,13.08,65.22,1.72,
충청북도,2025-05,16.84,106.3,1.52,
충청북도,2025-06,23.12,192.1,1.36,
충청남도,2019-01,-1.116666667,1.8,1.183333333,
충청남도,2019-02,0.816666667,29.3,1.316666667,5.3
충청남도,2019-03,6.15,32.23333333,1.783333333,
충청남도,2019-04,11.13333333,62.16666667,1.566666667,
충청남도,2019-05,17.46666667,29.45,1.683333333,
충청남도,2019-06,20.93333333,67.46666667,1.266666667,
충청남도,2019-07,24.65,190.7666667,1.733333333,
충청남도,2019-08,25.81666667,116.95,1.283333333,
충청남도,2019-09,21.26666667,162.0833333,1.366666667,
충청남도,2019-10,15.01666667,81.45,1.2,
충청남도,2019-11,7.633333333,109.4833333,1.266666667,
충청남도,2019-12,2.05,30.08333333,1.216666667,0.3
충청남도,2020-01,1.883333333,64.75,1.2,
충청남도,2020-02,2.6,78.7,1.333333333,5.6
충청남도,2020-03,6.933333333,22.31666667,1.75,
충청남도,2020-04,9.95,19.9,1.966666667,
충청남도,2020-05,17.36666667,93.4,1.566666667,
충청남도,2020-06,22.41666667,169.95,1.466666667,
충청남도,2020-07,22.98333333,417.65,1.3,
충청남도,2020-08,26.5,400.1333333,1.8,
충청남도,2020-09,20.33333333,204.8833333,1.466666667,
충청남도,2020-10,13.1,12.61666667,1.1,
충청남도,2020-11,7.85,46.45,1.233333333,
충청남도,2020-12,0.016666667,7.05,1.25,3.3
충청남도,2021-01,-1.766666667,26.55,1.4,10.1
충청남도,2021-02,2.833333333,14.56666667,1.85,5.1
충청남도,2021-03,8.016666667,91.4,1.466666667,
충청남도,2021-04,13.1,60.53333333,1.716666667,
충청남도,2021-05,16.33333333,136.5833333,1.666666667,
충청남도,2021-06,22,70.11666667,1.4,
충청남도,2021-07,26.43333333,162.25,1.333333333,
충청남도,2021-08,24.93333333,251.1833333,1.266666667,
충청남도,2021-09,21.65,211.9833333,1.483333333,
충청남도,2021-10,14.83333333,44.58333333,1.1,
충청남도,2021-11,7.983333333,90.26666667,1.166666667,0.4
충청남도,2021-12,1.4,11.71666667,1.383333333,5
충청남도,2022-01,-1.783333333,5.083333333,1.15,3.8
충청남도,2022-02,-0.75,3.983333333,1.65,5.4
충청남도,2022-03,6.883333333,71.11666667,1.55,
충청남도,2022-04,12.95,55.41666667,1.6,
충청남도,2022-05,17.35,5.25,1.75,
충청남도,2022-06,22.65,200.9666667,2.033333333,
충청남도,2022-07,26.11666667,151.4666667,1.35,
충청남도,2022-08,25.1,479.7333333,1.633333333,
충청남도,2022-09,21.11666667,115.2333333,1.433333333,
충청남도,2022-10,13.51666667,114.5333333,0.983333333,
충청남도,2022-11,8.933333333,47.26666667,1.1,0.4
충청남도,2022-12,-2.2,23.11666667,1.25,7.7
충청남도,2023-01,-1.233333333,29.43333333,1.333333333,4.5
충청남도,2023-02,1.483333333,2.833333333,1.283333333,
충청남도,2023-03,8.416666667,11.48333333,1.6,
충청남도,2023-04,12.85,46.01666667,1.766666667,
충청남도,2023-05,18.05,173.2,1.483333333,
충청남도,2023-06,22.48333333,138.5833333,1.516666667,
충청남도,2023-07,25.65,653.5166667,1.533333333,
충청남도,2023-08,26.55,212.9666667,1.266666667,
충청남도,2023-09,22.55,237.5666667,1.133333333,
충청남도,2023-10,14.56666667,20.96666667,1.083333333,
충청남도,2023-11,7.55,76.51666667,1.733333333,5.4
충청남도,2023-12,2.15,115.1833333,1.45,17.9
충청남도,2024-01,0.233333333,39.31666667,1.4,3.2
충청남도,2024-02,3.716666667,105.4333333,1.533333333,0.8
충청남도,2024-03,6.483333333,43.43333333,1.883333333,
충청남도,2024-04,14.76666667,51.75,1.366666667,
충청남도,2024-05,17.23333333,128.2,1.616666667,
충청남도,2024-06,22.73333333,107.8166667,1.45,
충청남도,2024-07,26.26666667,525.1833333,1.966666667,
충청남도,2024-08,28.18333333,103.45,1.25,
충청남도,2024-09,25.18333333,277.9166667,1.15,
충청남도,2024-10,15.76666667,97.93333333,1.1,
충청남도,2024-11,9.233333333,47,1.266666667,0.4
충청남도,2024-12,1.4,14.31666667,1.316666667,1.5
충청남도,2025-01,-0.566666667,25.13333333,1.35,18.6
충청남도,2025-02,-1.016666667,11.96666667,1.733333333,7
충청남도,2025-03,7.133333333,46.28333333,2.083333333,3
충청남도,2025-04,12.53333333,69.83333333,1.866666667,
충청남도,2025-05,16.68333333,82.63333333,1.666666667,
충청남도,2025-06,22.71666667,200.0166667,1.633333333,
경상북도,2019-01,0.292857143,7.728571429,2.392857143,1.8
경상북도,2019-02,2.557142857,26.20714286,2.135714286,
경상북도,2019-03,7.55,31.00714286,2.342857143,
경상북도,2019-04,11.83571429,89.27857143,2.092857143,0.7
경상북도,2019-05,18.75714286,38.17857143,2.064285714,
경상북도,2019-06,21.07142857,145.2928571,1.635714286,
경상북도,2019-07,24.5,154.15,1.671428571,
경상북도,2019-08,25.60714286,149.0642857,1.592857143,
경상북도,2019-09,21.18571429,188.2285714,1.5,
경상북도,2019-10,15.10714286,235.4857143,1.757142857,
경상북도,2019-11,8.142857143,46.41428571,1.728571429,
경상북도,2019-12,2.107142857,22.27857143,1.957142857,
경상북도,2020-01,2.557142857,87.42142857,2.071428571,
경상북도,2020-02,3.335714286,59.45,2.178571429,2
경상북도,2020-03,7.878571429,19.32142857,2.285714286,
경상북도,2020-04,10.98571429,37.42142857,2.628571429,
경상북도,2020-05,17.63571429,75.05714286,1.957142857,
경상북도,2020-06,22.69285714,151.7714286,1.714285714,
경상북도,2020-07,21.84285714,424.7071429,1.407142857,
경상북도,2020-08,26.27857143,292.7357143,1.414285714,
경상북도,2020-09,19.49285714,183.85,1.757142857,
경상북도,2020-10,13.29285714,3.928571429,1.7,
경상북도,2020-11,8.1,33.3,1.971428571,
경상북도,2020-12,-0.035714286,2.128571429,2.3,0.8
경상북도,2021-01,-1.421428571,12.72857143,2.35,0.9
경상북도,2021-02,3.228571429,12.41428571,2.6,0.4
경상북도,2021-03,8.507142857,99.07142857,2.064285714,2.3
경상북도,2021-04,12.61428571,74.52142857,2.271428571,
경상북도,2021-05,16.15714286,138.0142857,1.9,
경상북도,2021-06,21.24285714,55.55714286,1.521428571,
경상북도,2021-07,25.29285714,200.1714286,1.421428571,
경상북도,2021-08,24,293.2785714,1.342857143,
경상북도,2021-09,20.39285714,156.3071429,1.55,
경상북도,2021-10,14.43571429,78.72857143,1.407142857,
경상북도,2021-11,7.864285714,40.22142857,1.921428571,
경상북도,2021-12,1.714285714,1.992857143,2.45,0.8
경상북도,2022-01,-0.742857143,2.457142857,2.15,0.8
경상북도,2022-02,-0.071428571,2.357142857,2.742857143,
경상북도,2022-03,7.657142857,74.90714286,2.071428571,
경상북도,2022-04,13.92142857,43.18571429,2.085714286,
경상북도,2022-05,18.42142857,4.457142857,2.064285714,
경상북도,2022-06,22.4,99.27142857,1.857142857,
경상북도,2022-07,25.60714286,137.8571429,1.5,
경상북도,2022-08,24.95,225.9071429,1.364285714,
경상북도,2022-09,20.13571429,134.25,1.671428571,
경상북도,2022-10,13.47857143,64.59285714,1.614285714,
경상북도,2022-11,9.1,69.97142857,1.6,
경상북도,2022-12,-1.407142857,7.3,2.392857143,3.1
경상북도,2023-01,-0.692857143,23.36428571,2.221428571,2.1
경상북도,2023-02,2.685714286,17.17142857,1.928571429,1
경상북도,2023-03,9.657142857,34.82857143,1.892857143,
경상북도,2023-04,12.97142857,46.35,2.128571429,
경상북도,2023-05,17.70714286,146.2642857,1.7,
경상북도,2023-06,22.29285714,211.2642857,1.65,
경상북도,2023-07,25.22857143,400.15,1.328571429,
경상북도,2023-08,26.13571429,304.0928571,1.528571429,
경상북도,2023-09,22.07857143,208.6785714,1.357142857,
경상북도,2023-10,14.04285714,10.12857143,1.471428571,
경상북도,2023-11,7.585714286,32.19285714,2.171428571,
경상북도,2023-12,1.892857143,112.5785714,2.092857143,0.4
경상북도,2024-01,0.764285714,24.30714286,2.25,2.2
경상북도,2024-02,3.8,84.99285714,1.892857143,2
경상북도,2024-03,6.835714286,63.52857143,2.314285714,0.4
경상북도,2024-04,14.78571429,59.16428571,1.828571429,
경상북도,2024-05,17.55714286,91.6,1.942857143,
경상북도,2024-06,22.73571429,92.02142857,1.578571429,
경상북도,2024-07,26.29285714,332.9857143,1.614285714,
경상북도,2024-08,27.50714286,58.38571429,1.478571429,
경상북도,2024-09,23.97142857,202.6785714,1.4,
경상북도,2024-10,15.62857143,88.82142857,1.435714286,
경상북도,2024-11,9.357142857,35.04285714,1.692857143,1.6
경상북도,2024-12,1.864285714,3.335714286,2.5,3.2
경상북도,2025-01,-0.278571429,11.75,2.235714286,1.6
경상북도,2025-02,-0.478571429,7.192857143,2.85,2.2
경상북도,2025-03,7.542857143,47.46428571,2.4,6.5
경상북도,2025-04,13.31428571,48.77857143,2.221428571,
경상북도,2025-05,16.72857143,107.0928571,1.857142857,
경상북도,2025-06,23.27142857,177.6428571,1.621428571,
대전광역시,2019-01,0,1.7,1.2,0
대전광역시,2019-02,2,46.3,1.3,0
대전광역시,2019-03,7.7,33.7,1.6,
대전광역시,2019-04,12.9,91.6,1.6,
대전광역시,2019-05,19.7,35.6,1.8,
대전광역시,2019-06,22.6,77.9,1.3,
대전광역시,2019-07,25.8,199,1.6,
대전광역시,2019-08,27.2,104.3,1.3,
대전광역시,2019-09,22.5,167,1.3,
대전광역시,2019-10,16.2,106.1,1.1,
대전광역시,2019-11,8.7,94,1,
대전광역시,2019-12,2.6,27,1.1,
대전광역시,2020-01,2.7,78.5,1.2,
대전광역시,2020-02,3.6,91.2,1.3,2
대전광역시,2020-03,8.5,24.4,1.6,
대전광역시,2020-04,11.5,17.8,2,
대전광역시,2020-05,18.8,80.4,1.6,
대전광역시,2020-06,24.1,192.5,1.4,
대전광역시,2020-07,23.6,544.9,1.4,
대전광역시,2020-08,27.5,361.6,1.5,
대전광역시,2020-09,21.2,173.6,1.4,
대전광역시,2020-10,14.2,3.2,1.3,
대전광역시,2020-11,8.6,41.8,1.3,
대전광역시,2020-12,0.5,4.1,1.3,2
대전광역시,2021-01,-1,23.6,1.4,7.6
대전광역시,2021-02,4,14.1,1.8,5.7
대전광역시,2021-03,9.6,95.2,1.5,
대전광역시,2021-04,14.7,47.4,1.9,
대전광역시,2021-05,17.7,134.2,1.6,
대전광역시,2021-06,23.5,105.9,1.5,
대전광역시,2021-07,27.8,151.8,1.6,
대전광역시,2021-08,25.8,289.2,1.3,
대전광역시,2021-09,22.4,161.2,1.8,
대전광역시,2021-10,15.7,40.8,1.2,
대전광역시,2021-11,8.9,41.7,1.2,
대전광역시,2021-12,1.9,4.4,1.5,2.3
대전광역시,2022-01,-0.8,1.2,1.8,1
대전광역시,2022-02,0.1,1.4,2.2,0.4
대전광역시,2022-03,8.3,74,1.9,
대전광역시,2022-04,14.9,69.7,1.9,
대전광역시,2022-05,19.4,8.1,2.1,
대전광역시,2022-06,24.1,117.6,2.4,
대전광역시,2022-07,27,195,1.9,
대전광역시,2022-08,25.7,496.1,1.9,
대전광역시,2022-09,21.8,90.2,2.2,
대전광역시,2022-10,14.3,89.3,1.7,
대전광역시,2022-11,9.5,45.8,1.5,
대전광역시,2022-12,-2,14.7,1.6,3.8
대전광역시,2023-01,-0.9,28.4,1.7,0.6
대전광역시,2023-02,2.4,5.4,1.5,
대전광역시,2023-03,10.2,23.8,1.6,
대전광역시,2023-04,13.7,54.5,2,
대전광역시,2023-05,19,192.9,1.3,
대전광역시,2023-06,23.6,147.5,1.6,
대전광역시,2023-07,25.8,776.3,1.2,
대전광역시,2023-08,27,326.9,1.3,
대전광역시,2023-09,22.8,310.2,1.3,
대전광역시,2023-10,15,12.2,1.3,
대전광역시,2023-11,7.6,40.3,1.8,2.5
대전광역시,2023-12,2.2,124.1,1.6,1.9
대전광역시,2024-01,0.3,47.8,1.7,1.4
대전광역시,2024-02,4.3,93.9,1.9,
대전광역시,2024-03,7.2,57.9,2.2,
대전광역시,2024-04,16.1,32.7,1.9,
대전광역시,2024-05,18.5,126.8,1.9,
대전광역시,2024-06,24,76.9,1.8,
대전광역시,2024-07,26.6,485.1,1.9,
대전광역시,2024-08,28.7,87.3,1.7,
대전광역시,2024-09,25.8,204.6,1.7,
대전광역시,2024-10,16.3,109.2,1.5,
대전광역시,2024-11,9.7,34.6,1.5,0.5
대전광역시,2024-12,1.8,3.7,1.6,1
대전광역시,2025-01,0.5,12.5,1.6,12.3
대전광역시,2025-02,-0.1,11.1,2.1,4.6
대전광역시,2025-03,8.6,37.7,2.4,3.5
대전광역시,2025-04,14.4,67.2,2,
대전광역시,2025-05,18,93.4,1.9,
대전광역시,2025-06,24,300.1,1.7,
전라북도,2019-01,-0.38,13.21,1.55,3.8
전라북도,2019-02,1.73,35.4,1.74,2
전라북도,2019-03,6.66,31.04,2.09,
전라북도,2019-04,11.52,87.91,1.66,
전라북도,2019-05,17.6,60.13,1.86,
전라북도,2019-06,20.98,112.18,1.38,
전라북도,2019-07,24.65,241.33,1.74,
전라북도,2019-08,25.92,149.89,1.47,
전라북도,2019-09,21.7,214.12,1.54,
전라북도,2019-10,15.39,120.61,1.42,
전라북도,2019-11,8.65,49.48,1.34,
전라북도,2019-12,2.92,32.89,1.5,
전라북도,2020-01,2.58,74,1.53,
전라북도,2020-02,3.34,58.31,1.68,10.4
전라북도,2020-03,7.27,35.61,2.06,
전라북도,2020-04,9.76,36.27,2.24,
전라북도,2020-05,17.63,89.25,1.94,
전라북도,2020-06,22.54,172.77,1.67,
전라북도,2020-07,22.83,520.48,1.44,
전라북도,2020-08,26.91,550.51,1.9,
전라북도,2020-09,20.27,201.82,1.68,
전라북도,2020-10,13.7,7.67,1.42,
전라북도,2020-11,8.56,57.25,1.64,
전라북도,2020-12,0.64,18.3,1.54,5.2
전라북도,2021-01,-0.64,34.49,1.68,11.9
전라북도,2021-02,3.45,28.03,2.02,1.8
전라북도,2021-03,8.54,95.77,1.76,
전라북도,2021-04,13.26,38.96,2.03,
전라북도,2021-05,16.83,109.72,2.05,
전라북도,2021-06,22.16,123.08,1.59,
전라북도,2021-07,26.22,224.89,1.46,
전라북도,2021-08,25.09,346.12,1.41,
전라북도,2021-09,21.89,134,1.64,
전라북도,2021-10,15.18,43.35,1.36,
전라북도,2021-11,8.29,84.78,1.49,
전라북도,2021-12,2.19,12.92,1.71,2.4
전라북도,2022-01,-0.79,2.99,1.45,0.4
전라북도,2022-02,-0.27,6.89,1.95,2.1
전라북도,2022-03,7.47,83.23,1.88,
전라북도,2022-04,13.37,59.78,1.78,
전라북도,2022-05,17.54,3.73,1.77,
전라북도,2022-06,22.84,178.46,2.06,
전라북도,2022-07,26.08,143.62,1.69,
전라북도,2022-08,25.63,184.58,1.79,
전라북도,2022-09,21.41,82.34,1.57,
전라북도,2022-10,13.83,52.47,1.56,
전라북도,2022-11,9.51,72.99,1.46,
전라북도,2022-12,-1.21,39.91,1.59,15.6
전라북도,2023-01,-0.33,27,1.69,1
전라북도,2023-02,1.9,10.53,1.47,0.4
전라북도,2023-03,8.88,29.95,1.81,
전라북도,2023-04,12.99,54.58,2,
전라북도,2023-05,18.18,219.16,1.76,
전라북도,2023-06,22.4,219.59,1.72,
전라북도,2023-07,23.18,669.85,1.44,
전라북도,2023-08,26.67,245.99,1.52,
전라북도,2023-09,22.78,170.48,1.26,
전라북도,2023-10,14.81,14.03,1.32,
전라북도,2023-11,8.23,85.88,1.99,2.6
전라북도,2023-12,3.12,122.91,1.62,4.3
전라북도,2024-01,1.32,50.89,1.61,0.3
전라북도,2024-02,4.69,113.14,1.7,
전라북도,2024-03,6.76,68.98,2.09,
전라북도,2024-04,14.92,67.55,1.57,
전라북도,2024-05,15.95,98.76,1.68,
전라북도,2024-06,22.64,114.6,1.69,
전라북도,2024-07,26.75,368.79,2.16,
전라북도,2024-08,28.06,85.78,1.53,
전라북도,2024-09,25.5,201.07,1.35,
전라북도,2024-10,16.24,92.43,1.36,
전라북도,2024-11,9.67,57.43,1.65,
전라북도,2024-12,2.03,20.09,1.63,4.3
전라북도,2025-01,-0.13,39.12,1.57,21.2
전라북도,2025-02,-0.65,31.58,2.01,14.6
전라북도,2025-03,7.6,38.39,2.31,1.5
전라북도,2025-04,12.98,64.4,2.22,
전라북도,2025-05,16.99,114.09,1.94,
전라북도,2025-06,23.01,308.76,1.83,
대구광역시,2019-01,1.7,9.5,2.3,
대구광역시,2019-02,4,26.2,2.1,
대구광역시,2019-03,9.4,20.7,2.4,
대구광역시,2019-04,13.5,88,2.2,
대구광역시,2019-05,20.7,25.7,2.1,
대구광역시,2019-06,22.8,160.8,2.1,
대구광역시,2019-07,25.8,139.4,1.9,
대구광역시,2019-08,27.4,141.9,1.9,
대구광역시,2019-09,22.6,185.5,1.7,
대구광역시,2019-10,16.8,155.2,1.7,
대구광역시,2019-11,9.8,15.3,1.7,
대구광역시,2019-12,3.5,27.5,2.1,
대구광역시,2020-01,3.8,70.4,2.1,
대구광역시,2020-02,4.9,40.2,2.4,
대구광역시,2020-03,9.5,24.5,2.5,
대구광역시,2020-04,12.6,32.4,2.9,
대구광역시,2020-05,19.4,38.1,2.5,
대구광역시,2020-06,24.5,185.3,2.2,
대구광역시,2020-07,23.2,330.5,2.2,
대구광역시,2020-08,28.6,322.7,1.9,
대구광역시,2020-09,21.2,161,2,
대구광역시,2020-10,15.4,13.1,2,
대구광역시,2020-11,9.7,23.9,2.2,
대구광역시,2020-12,1.6,2.8,2.5,
대구광역시,2021-01,0.5,11.9,2.5,0.7
대구광역시,2021-02,4.8,19.2,2.7,
대구광역시,2021-03,10.2,95.2,2.4,1.7
대구광역시,2021-04,14.5,43,2.9,
대구광역시,2021-05,18.3,90.9,2.5,
대구광역시,2021-06,23.2,55.1,2.3,
대구광역시,2021-07,26.9,153.3,2.1,
대구광역시,2021-08,25.7,256.3,1.6,
대구광역시,2021-09,22.1,84.1,2,
대구광역시,2021-10,16.5,57.8,1.5,
대구광역시,2021-11,9.5,43.1,2,
대구광역시,2021-12,3.1,0.1,2.5,
대구광역시,2022-01,0.9,0,2.3,
대구광역시,2022-02,1.6,0.1,3.1,
대구광역시,2022-03,9.7,34.3,2.4,
대구광역시,2022-04,15.9,38.5,2.2,
대구광역시,2022-05,20.7,4.2,2.5,
대구광역시,2022-06,24.3,81.8,2.4,
대구광역시,2022-07,27.5,88.8,2.3,
대구광역시,2022-08,26.9,143.3,1.7,
대구광역시,2022-09,21.9,114.2,2.3,
대구광역시,2022-10,15.5,25.6,2.1,
대구광역시,2022-11,11,46.6,1.7,
대구광역시,2022-12,0.4,3.6,2.4,0.8
대구광역시,2023-01,0.9,11.5,2.4,
대구광역시,2023-02,4.4,11.2,2.2,
대구광역시,2023-03,11.8,27.3,2.1,
대구광역시,2023-04,14.8,30.8,2.6,
대구광역시,2023-05,19.3,200,2.1,
대구광역시,2023-06,24,178.7,2.2,
대구광역시,2023-07,26.7,298.7,1.6,
대구광역시,2023-08,27.5,312.8,2.1,
대구광역시,2023-09,23.5,123.6,1.9,
대구광역시,2023-10,15.9,5.7,1.7,
대구광역시,2023-11,9.2,31.6,2.6,1.1
대구광역시,2023-12,3.5,89.9,2.3,0.6
대구광역시,2024-01,2.3,21.4,2.5,
대구광역시,2024-02,5.4,56.8,2.3,
대구광역시,2024-03,8.5,70.9,2.6,
대구광역시,2024-04,16.3,60.6,2.2,
대구광역시,2024-05,19.4,59.8,2.4,
대구광역시,2024-06,24.6,98.3,1.9,
대구광역시,2024-07,27.8,372.2,2,
대구광역시,2024-08,29.1,118.3,2.3,
대구광역시,2024-09,25.4,151.5,1.9,
대구광역시,2024-10,17,94.9,1.7,
대구광역시,2024-11,10.7,50.4,1.9,
대구광역시,2024-12,3.5,1.3,2.8,
대구광역시,2025-01,1.4,4.3,2.5,1.1
대구광역시,2025-02,1.2,12.7,3.3,3.1
대구광역시,2025-03,9.6,25.4,2.7,0.1
대구광역시,2025-04,14.9,41.8,2.5,
대구광역시,2025-05,18.1,103.6,2.1,
대구광역시,2025-06,24.8,163.7,1.8,
울산광역시,2019-01,3.5,15.5,2.5,1
울산광역시,2019-02,5.1,38.8,2.4,0.1
울산광역시,2019-03,9.9,40.7,2.4,
울산광역시,2019-04,12.8,88.9,2.1,
울산광역시,2019-05,19.7,35,1.9,
울산광역시,2019-06,20.7,247.5,1.7,
울산광역시,2019-07,24.8,206.5,2.1,
울산광역시,2019-08,26.4,195.7,1.8,
울산광역시,2019-09,22.3,287.5,1.9,
울산광역시,2019-10,17.3,222.2,2.2,
울산광역시,2019-11,11.3,31,2,
울산광역시,2019-12,5.4,40.8,2.1,
울산광역시,2020-01,5.2,178.7,2.5,
울산광역시,2020-02,6,53.6,2.2,
울산광역시,2020-03,9.6,41.6,2.3,
울산광역시,2020-04,12.3,73.2,2.5,
울산광역시,2020-05,18.1,51.5,1.9,
울산광역시,2020-06,22.7,218.6,1.7,
울산광역시,2020-07,22.1,498.3,1.5,
울산광역시,2020-08,27.6,137.1,2.2,
울산광역시,2020-09,21.1,243,2.5,
울산광역시,2020-10,15.9,18.9,2.2,
울산광역시,2020-11,11,37.7,2.1,
울산광역시,2020-12,3.4,5.7,2.4,
울산광역시,2021-01,2.1,20.6,2.5,0
울산광역시,2021-02,6.5,28.8,2.5,
울산광역시,2021-03,10.5,138.9,2.4,
울산광역시,2021-04,13.8,73.9,2.3,
울산광역시,2021-05,17.8,120.4,1.9,
울산광역시,2021-06,21.7,93.8,1.6,
울산광역시,2021-07,25.9,189.3,1.7,
울산광역시,2021-08,25.3,443.9,1.7,
울산광역시,2021-09,22.1,125.2,2.1,
울산광역시,2021-10,17.1,49,1.8,
울산광역시,2021-11,11.1,49.7,1.8,
울산광역시,2021-12,4.7,3.5,2.3,
울산광역시,2022-01,2.6,0.9,2.3,
울산광역시,2022-02,2.7,2.2,2.5,
울산광역시,2022-03,9.9,55.5,2.2,
울산광역시,2022-04,14.7,81,2.1,
울산광역시,2022-05,19.2,6.1,1.8,
울산광역시,2022-06,22.4,147.1,2.2,
울산광역시,2022-07,26,125,1.5,
울산광역시,2022-08,26.4,138.5,2,
울산광역시,2022-09,21.7,284.8,2.1,
울산광역시,2022-10,16,30.4,2,
울산광역시,2022-11,12.7,44.9,1.9,
울산광역시,2022-12,2,9.7,2.5,
울산광역시,2023-01,2.6,41.3,2.5,
울산광역시,2023-02,5.2,28,2.4,
울산광역시,2023-03,11.4,68.3,2.3,
울산광역시,2023-04,14.1,57.7,2.6,
울산광역시,2023-05,17.8,195.2,2.1,
울산광역시,2023-06,22.3,141.4,1.8,
울산광역시,2023-07,25.8,266.9,1.8,
울산광역시,2023-08,26.5,403.3,2.1,
울산광역시,2023-09,22.9,276.7,1.9,
울산광역시,2023-10,16.4,4.3,1.9,
울산광역시,2023-11,10.4,33.1,2.3,
울산광역시,2023-12,4.9,126.7,2.5,
울산광역시,2024-01,3.4,42.3,2.5,
울산광역시,2024-02,6,105.4,2.6,
울산광역시,2024-03,8.6,80.2,2.7,
울산광역시,2024-04,14.9,99.1,1.9,
울산광역시,2024-05,17.9,69.3,2.2,
울산광역시,2024-06,22.6,124.6,1.5,
울산광역시,2024-07,26.9,209.2,2.3,
울산광역시,2024-08,28,89.1,2.1,
울산광역시,2024-09,24.7,237,1.9,
울산광역시,2024-10,17.8,174.3,2.1,
울산광역시,2024-11,11.8,67.5,2.1,
울산광역시,2024-12,4.1,0,2.5,
울산광역시,2025-01,2.5,6.4,2.4,0.3
울산광역시,2025-02,1.9,16.1,2.7,
울산광역시,2025-03,9.2,71.7,2.6,
울산광역시,2025-04,13.9,56.1,2.3,
울산광역시,2025-05,17,107.1,2.2,
울산광역시,2025-06,23.2,163.1,1.7,
경상남도,2019-01,1.914285714,14.47857143,1.614285714,0.1
경상남도,2019-02,4.307142857,43.16428571,1.557142857,
경상남도,2019-03,9.021428571,54.99285714,1.864285714,
경상남도,2019-04,12.84285714,102.4857143,1.578571429,
경상남도,2019-05,19.01428571,107.4571429,1.6,
경상남도,2019-06,21.64285714,267.3714286,1.35,
경상남도,2019-07,24.79285714,319.1357143,1.542857143,
경상남도,2019-08,26.5,96.32142857,1.328571429,
경상남도,2019-09,22.30714286,303.2142857,1.35,
경상남도,2019-10,16.49285714,220.1285714,1.357142857,
경상남도,2019-11,10.02857143,24.85714286,1.321428571,
경상남도,2019-12,3.828571429,34.77857143,1.385714286,
경상남도,2020-01,3.978571429,106.4928571,1.471428571,
경상남도,2020-02,5.157142857,58.45714286,1.592857143,
경상남도,2020-03,9.214285714,42.44285714,1.85,
경상남도,2020-04,11.80714286,62.12142857,2,
경상남도,2020-05,18.32142857,86.34285714,1.6,
경상남도,2020-06,23.15,244.7071429,1.442857143,
경상남도,2020-07,22.73571429,569.3428571,1.164285714,
경상남도,2020-08,27.3,354.1642857,1.535714286,
경상남도,2020-09,20.84285714,286.6285714,1.5,
경상남도,2020-10,15.05,21.81428571,1.307142857,
경상남도,2020-11,9.864285714,46.23571429,1.464285714,
경상남도,2020-12,2.042857143,7.714285714,1.635714286,
경상남도,2021-01,1.192857143,17.67857143,1.7,
경상남도,2021-02,5.242857143,37.74285714,1.957142857,
경상남도,2021-03,10.25,148.6,1.707142857,
경상남도,2021-04,14.09285714,78.77857143,1.814285714,
경상남도,2021-05,17.76428571,133.9785714,1.721428571,
경상남도,2021-06,22.3,119.6857143,1.328571429,
경상남도,2021-07,26.32857143,367.5785714,1.378571429,
경상남도,2021-08,25.86428571,353.5142857,1.314285714,
경상남도,2021-09,22.07142857,125.0785714,1.214285714,
경상남도,2021-10,16.42857143,38.56428571,1.185714286,
경상남도,2021-11,9.435714286,56.59285714,1.4,
경상남도,2021-12,3.514285714,2.485714286,1.764285714,
경상남도,2022-01,1.371428571,0.028571429,1.514285714,
경상남도,2022-02,1.992857143,0.15,2.135714286,
경상남도,2022-03,9.357142857,103.5785714,1.721428571,
경상남도,2022-04,14.66428571,91.7,1.607142857,
경상남도,2022-05,19.1,3.75,1.607142857,
경상남도,2022-06,22.69285714,135.6571429,1.807142857,
경상남도,2022-07,26.64285714,159.5,1.35,
경상남도,2022-08,26.19285714,183.3214286,1.421428571,
경상남도,2022-09,21.82142857,185.2714286,1.435714286,
경상남도,2022-10,15.42142857,19.1,1.407142857,
경상남도,2022-11,11,56.45,1.2,
경상남도,2022-12,1.064285714,9.535714286,1.707142857,
경상남도,2023-01,1.45,62.19285714,1.657142857,
경상남도,2023-02,4.421428571,26.43571429,1.442857143,
경상남도,2023-03,10.72857143,48.99285714,1.485714286,
경상남도,2023-04,14.04285714,87.68571429,1.814285714,
경상남도,2023-05,18.12142857,279.3357143,1.485714286,
경상남도,2023-06,22.87142857,225.5357143,1.435714286,
경상남도,2023-07,25.8,495.9571429,1.278571429,
경상남도,2023-08,27.37857143,438.9571429,1.257142857,
경상남도,2023-09,23.59285714,240.2785714,1.092857143,
경상남도,2023-10,15.82142857,6.05,1.178571429,
경상남도,2023-11,9.592857143,60.94285714,1.7,0.3
경상남도,2023-12,4.15,90.02142857,1.514285714,
경상남도,2024-01,2.8,33.46428571,1.564285714,
경상남도,2024-02,5.714285714,137.45,1.5,
경상남도,2024-03,8.435714286,103.4428571,1.878571429,
경상남도,2024-04,15.50714286,141.3428571,1.271428571,
경상남도,2024-05,18.62857143,149.3785714,1.642857143,
경상남도,2024-06,23.05,183.0928571,1.357142857,
경상남도,2024-07,26.79285714,278.3357143,1.671428571,
경상남도,2024-08,28.58571429,83.75714286,1.357142857,
경상남도,2024-09,25.82857143,316.1,1.092857143,
경상남도,2024-10,17.54285714,165.4714286,1.142857143,
경상남도,2024-11,11.07857143,90.84285714,1.392857143,
경상남도,2024-12,3.671428571,0.278571429,1.75,
경상남도,2025-01,1.4,5.178571429,1.6,
경상남도,2025-02,1.321428571,23.12857143,2.128571429,2.8
경상남도,2025-03,8.957142857,44.75,1.907142857,
경상남도,2025-04,14.14285714,67.31428571,1.885714286,
경상남도,2025-05,17.28571429,138.1714286,1.578571429,
경상남도,2025-06,23.11428571,209.4071429,1.492857143,
광주광역시,2019-01,1.8,16.4,1.4,3.8
광주광역시,2019-02,3.6,37,1.5,3.4
광주광역시,2019-03,8.4,33.9,1.7,
광주광역시,2019-04,13,84.7,1.5,
광주광역시,2019-05,19.2,78.8,1.6,
광주광역시,2019-06,22,158,1.3,
광주광역시,2019-07,25.3,242.2,1.8,
광주광역시,2019-08,27,64.8,1.5,
광주광역시,2019-09,22.9,165.8,1.6,
광주광역시,2019-10,17.1,149.9,1.2,
광주광역시,2019-11,10.8,22.8,1.2,
광주광역시,2019-12,4.8,31.6,1.3,
광주광역시,2020-01,4.6,74.9,1.4,
광주광역시,2020-02,5.3,47.8,1.4,12.5
광주광역시,2020-03,9,43.5,1.7,
광주광역시,2020-04,11.5,55.3,1.8,
광주광역시,2020-05,18.8,96.8,1.7,
광주광역시,2020-06,23.6,199.9,1.6,
광주광역시,2020-07,23.4,533.3,1.5,
광주광역시,2020-08,27.6,738.1,2.2,
광주광역시,2020-09,21.3,178.3,1.5,
광주광역시,2020-10,15.7,12.1,1.2,
광주광역시,2020-11,10.5,28.3,1.4,
광주광역시,2020-12,2.7,18.7,1.4,18.5
광주광역시,2021-01,1.4,33,1.5,11.8
광주광역시,2021-02,5.1,31.1,1.5,8.1
광주광역시,2021-03,10.6,122.4,1.5,
광주광역시,2021-04,14.9,34.2,1.4,
광주광역시,2021-05,18.4,139.4,1.4,
광주광역시,2021-06,23.3,118.1,1.3,
광주광역시,2021-07,27,227.6,1.5,
광주광역시,2021-08,25.8,338.7,1.3,
광주광역시,2021-09,22.9,131.1,1.5,
광주광역시,2021-10,17.2,35.3,1.2,
광주광역시,2021-11,10.2,85.8,1,
광주광역시,2021-12,4.1,7.1,1.2,8.6
광주광역시,2022-01,1.6,0.3,1.2,2.3
광주광역시,2022-02,1.8,2.7,1.5,3.3
광주광역시,2022-03,9.6,105.2,1.4,
광주광역시,2022-04,15.5,49.4,1.4,
광주광역시,2022-05,19.3,0.4,1.3,
광주광역시,2022-06,23.8,131.7,1.9,
광주광역시,2022-07,27,169,1.5,
광주광역시,2022-08,26.9,106.4,1.8,
광주광역시,2022-09,23.1,89.2,1.5,
광주광역시,2022-10,16,38.3,1.1,
광주광역시,2022-11,11.8,46.7,1,
광주광역시,2022-12,1.1,30.6,1.2,40
광주광역시,2023-01,1.7,26.8,1.2,8
광주광역시,2023-02,4.2,14.8,1.1,
광주광역시,2023-03,11.2,34.8,1.2,
광주광역시,2023-04,14.7,66.5,1.4,
광주광역시,2023-05,19.4,190.1,1.2,
광주광역시,2023-06,23.4,441.2,1.1,
광주광역시,2023-07,26.3,684.6,1.3,
광주광역시,2023-08,27.3,341.2,1,
광주광역시,2023-09,23.8,152.5,1,
광주광역시,2023-10,16.6,11.5,0.9,
광주광역시,2023-11,9.9,71.9,1.3,3.8
광주광역시,2023-12,4.8,80.2,1.2,11
광주광역시,2024-01,3,31.1,1.2,10.6
광주광역시,2024-02,6.1,111.3,1.3,
광주광역시,2024-03,8.2,79.5,1.5,
광주광역시,2024-04,16.6,79.6,1.2,
광주광역시,2024-05,19.2,102,1.4,
광주광역시,2024-06,23.8,149.1,1.3,
광주광역시,2024-07,26.9,250.4,1.9,
광주광역시,2024-08,28.5,132.1,1.3,
광주광역시,2024-09,26.3,181.4,1.1,
광주광역시,2024-10,17.7,98.2,1.2,
광주광역시,2024-11,11.5,66.5,1.3,
광주광역시,2024-12,3.8,9.8,1.2,8.2
광주광역시,2025-01,1.9,19,1.2,11.3
광주광역시,2025-02,1.1,25.7,1.5,10.7
광주광역시,2025-03,9.3,34.2,1.7,5.1
광주광역시,2025-04,14.6,56.2,1.7,
광주광역시,2025-05,18.2,102.8,1.4,
광주광역시,2025-06,24,246.4,1.6,
부산광역시,2019-01,4.5,12.7,3.1,0.2
부산광역시,2019-02,6.6,51.5,2.9,
부산광역시,2019-03,10.5,75.4,3.6,
부산광역시,2019-04,13.4,85,3.2,
부산광역시,2019-05,19.3,76.1,3.3,
부산광역시,2019-06,21.1,324.3,2.6,
부산광역시,2019-07,24.3,358.9,3.7,
부산광역시,2019-08,27,156.3,3.1,
부산광역시,2019-09,23.1,279,2.8,
부산광역시,2019-10,18.6,139.9,3,
부산광역시,2019-11,13,13.8,2.7,
부산광역시,2019-12,7,50.3,2.6,
부산광역시,2020-01,6.4,127.7,3,
부산광역시,2020-02,7.1,94.9,3.1,
부산광역시,2020-03,10.4,58.8,3.6,
부산광역시,2020-04,12.6,83.5,3.7,
부산광역시,2020-05,17.9,96.2,3.1,
부산광역시,2020-06,22.4,321.1,3,
부산광역시,2020-07,22.1,796.8,2.7,
부산광역시,2020-08,27.2,399.2,4,
부산광역시,2020-09,21.9,230.5,3.5,
부산광역시,2020-10,17.3,26.4,2.8,
부산광역시,2020-11,12.4,36.3,2.8,
부산광역시,2020-12,4.3,10.2,2.9,
부산광역시,2021-01,3.3,25.8,3.2,
부산광역시,2021-02,7.2,49.5,3.7,
부산광역시,2021-03,11.4,127.5,3.3,
부산광역시,2021-04,14.7,107.1,3.4,
부산광역시,2021-05,17.7,139.2,3.5,
부산광역시,2021-06,21.9,232.3,2.6,
부산광역시,2021-07,26.3,399.9,3.2,
부산광역시,2021-08,26.2,481.2,3,
부산광역시,2021-09,22.9,164.7,3,
부산광역시,2021-10,18.7,18.2,2.6,
부산광역시,2021-11,12.5,57.9,3,
부산광역시,2021-12,6,4.5,3,
부산광역시,2022-01,4,0,2.8,
부산광역시,2022-02,3.6,0,3.3,
부산광역시,2022-03,10.5,127.4,3.4,
부산광역시,2022-04,14.9,130.6,3.3,
부산광역시,2022-05,19,5.4,3.2,
부산광역시,2022-06,21.7,152,4.3,
부산광역시,2022-07,26.2,145,2.6,
부산광역시,2022-08,26.4,176.7,3.7,
부산광역시,2022-09,22.9,162.4,3,
부산광역시,2022-10,17.6,9.7,3.1,
부산광역시,2022-11,14.4,61.3,2.7,
부산광역시,2022-12,3.3,21.4,3.3,
부산광역시,2023-01,1.9,77.6,1.6,
부산광역시,2023-02,5.95,25.25,2.3,
부산광역시,2023-03,11.75,68.85,2.65,
부산광역시,2023-04,14.55,92.3,3.25,
부산광역시,2023-05,17.95,276.6,2.65,
부산광역시,2023-06,22.7,139.7,2.55,
부산광역시,2023-07,25.8,589.85,2.7,
부산광역시,2023-08,27.85,356.95,2.75,
부산광역시,2023-09,24.4,323.1,2.45,
부산광역시,2023-10,17.3,3.35,2.2,
부산광역시,2023-11,10.95,37,2.6,0.3
부산광역시,2023-12,5.5,91.9,2.45,0
부산광역시,2024-01,4.1,34.8,2.5,
부산광역시,2024-02,7.25,114.05,3.15,
부산광역시,2024-03,9.35,96,3.1,
부산광역시,2024-04,15.9,148.15,2.5,
부산광역시,2024-05,18.65,134.7,2.95,
부산광역시,2024-06,22.9,175.35,2.45,
부산광역시,2024-07,26.55,289.7,3.45,
부산광역시,2024-08,29.2,80,2.75,
부산광역시,2024-09,26.6,419.4,2.6,
부산광역시,2024-10,19.3,196.9,2.65,
부산광역시,2024-11,12.95,90.55,2.45,
부산광역시,2024-12,4.9,0,2.45,
부산광역시,2025-01,3.05,5.55,2.5,
부산광역시,2025-02,2.5,27,2.75,0.3
부산광역시,2025-03,9.6,39.5,3.15,
부산광역시,2025-04,14.1,66.4,3.15,
부산광역시,2025-05,17.5,116.95,2.7,
부산광역시,2025-06,22.75,260.5,2.65,
전라남도,2019-01,2.178571429,12.93571429,3.214285714,3.9
전라남도,2019-02,3.578571429,38.22142857,3.121428571,2.9
전라남도,2019-03,7.95,52.27857143,3.185714286,
전라남도,2019-04,12,84.05,2.535714286,
전라남도,2019-05,17.85714286,133.5428571,2.7,
전라남도,2019-06,20.80714286,221.8285714,2.021428571,
전라남도,2019-07,24.13571429,251.8357143,2.435714286,
전라남도,2019-08,26.12307692,119.1076923,2.030769231,
전라남도,2019-09,22.26923077,274.7,2.253846154,
전라남도,2019-10,16.73076923,202.7769231,2.307692308,
전라남도,2019-11,10.80769231,23.20769231,2.592307692,
전라남도,2019-12,4.823076923,34.11538462,2.746153846,0
전라남도,2020-01,4.669230769,80.53076923,2.892307692,
전라남도,2020-02,5.123076923,40.23846154,2.846153846,3.2
전라남도,2020-03,8.323076923,40.41538462,3.1,
전라남도,2020-04,10.84615385,65.74615385,3.153846154,
전라남도,2020-05,17.34615385,170.7,2.661538462,
전라남도,2020-06,22.11538462,308.1,2.169230769,
전라남도,2020-07,22.69230769,385.0230769,2.069230769,
전라남도,2020-08,27.18461538,244.4461538,2.584615385,
전라남도,2020-09,21.26153846,224.2923077,2.153846154,
전라남도,2020-10,15.53846154,22.79230769,2.346153846,
전라남도,2020-11,10.85384615,18.33846154,2.653846154,
전라남도,2020-12,3.007692308,15.63076923,2.661538462,10.9
전라남도,2021-01,1.907692308,32.76153846,2.707692308,18.7
전라남도,2021-02,5.253846154,33.05384615,3.184615385,2.2
전라남도,2021-03,9.769230769,137.6153846,2.653846154,
전라남도,2021-04,13.70769231,66.72307692,2.861538462,
전라남도,2021-05,17.46153846,117.9,2.592307692,
전라남도,2021-06,20.53076923,115.2076923,2.123076923,
전라남도,2021-07,26.25384615,405.0153846,2.253846154,
전라남도,2021-08,25.98461538,275.9076923,1.923076923,
전라남도,2021-09,22.63076923,116.2307692,2.346153846,
전라남도,2021-10,16.96153846,29.3,2.084615385,
전라남도,2021-11,10.30769231,56.57692308,2.292307692,
전라남도,2021-12,4.315384615,6.076923077,2.861538462,15.6
전라남도,2022-01,1.869230769,2.423076923,2.853846154,1.9
전라남도,2022-02,2,1.530769231,3.3,4
전라남도,2022-03,8.723076923,124.0846154,2.761538462,
전라남도,2022-04,13.90769231,82.74615385,2.353846154,
전라남도,2022-05,17.82307692,2.969230769,2.276923077,
전라남도,2022-06,22.35384615,91.76153846,2.707692308,
전라남도,2022-07,26.33846154,207.2769231,2.423076923,
전라남도,2022-08,26.28461538,129.5461538,2.276923077,
전라남도,2022-09,22.16153846,158.5923077,2.538461538,
전라남도,2022-10,15.48461538,26.2,2.630769231,
전라남도,2022-11,11.47692308,53.61538462,2.346153846,0.4
전라남도,2022-12,1.976923077,15.96153846,2.869230769,16.1
전라남도,2023-01,2.107692308,57.49230769,2.923076923,4.5
전라남도,2023-02,3.992307692,31.60769231,2.515384615,0.5
전라남도,2023-03,9.792307692,38.81538462,2.453846154,
전라남도,2023-04,13.26153846,101.7923077,2.684615385,
전라남도,2023-05,17.73076923,256.1076923,2.407692308,
전라남도,2023-06,22.12307692,211.7769231,2.284615385,
전라남도,2023-07,25.4,550.3461538,2.223076923,
전라남도,2023-08,26.93076923,231.1846154,1.946153846,
전라남도,2023-09,23.65384615,153.4230769,1.738461538,
전라남도,2023-10,16.51538462,7.230769231,2.046153846,
전라남도,2023-11,10.19230769,85.75384615,2.861538462,
전라남도,2023-12,5.1,66.91538462,2.5,22.2
전라남도,2024-01,3.423076923,46.36923077,2.630769231,8.5
전라남도,2024-02,6.061538462,145.7384615,2.476923077,
전라남도,2024-03,8.030769231,80.80769231,2.930769231,2.1
전라남도,2024-04,14.86923077,147.2538462,2.1,
전라남도,2024-05,17.9,162.2076923,2.561538462,
전라남도,2024-06,22.32307692,196.9076923,2.123076923,
전라남도,2024-07,26.41538462,296.9538462,2.761538462,
전라남도,2024-08,28.41538462,61.56153846,1.930769231,
전라남도,2024-09,26.04615385,285.1923077,1.969230769,
전라남도,2024-10,17.87692308,135.3923077,2.269230769,
전라남도,2024-11,11.81538462,101.1307692,2.761538462,
전라남도,2024-12,4.315384615,7.238461538,2.976923077,2.8
전라남도,2025-01,2.046153846,14.3,2.592307692,4.6
전라남도,2025-02,1.507692308,40.52307692,3.476923077,12.7
전라남도,2025-03,8.361538462,41.37692308,3,0.6
전라남도,2025-04,13.06923077,74.59230769,2.853846154,
전라남도,2025-05,16.80769231,172.6846154,2.338461538,
전라남도,2025-06,22.5,185.1846154,2.276923077,
제주특별자치도,2019-01,6.6,19.875,4,
제주특별자치도,2019-02,7.7,46.775,3.675,
제주특별자치도,2019-03,10.7,74.95,3.75,
제주특별자치도,2019-04,14.35,74,2.875,
제주특별자치도,2019-05,19.15,197.35,2.8,
제주특별자치도,2019-06,21.15,169.5,2.275,
제주특별자치도,2019-07,24.35,417.5,2.625,
제주특별자치도,2019-08,27.075,314.625,3.025,
제주특별자치도,2019-09,23.9,504.725,3.525,
제주특별자치도,2019-10,19.55,175.075,3.725,
제주특별자치도,2019-11,14.675,27.775,3.7,
제주특별자치도,2019-12,9.75,80.15,3.875,
제주특별자치도,2020-01,8.725,99.325,4.025,
제주특별자치도,2020-02,9.025,66.4,3.9,1.8
제주특별자치도,2020-03,11.325,96.425,3.85,
제주특별자치도,2020-04,13,70.9,3.9,
제주특별자치도,2020-05,18.275,150.325,3.05,
제주특별자치도,2020-06,22.025,311.175,2.775,
제주특별자치도,2020-07,23.55,283.15,3.025,
제주특별자치도,2020-08,28.1,171.375,3.475,
제주특별자치도,2020-09,22.475,356.875,3.225,
제주특별자치도,2020-10,18.15,40.5,3.4,
제주특별자치도,2020-11,14.2,18.55,3.55,
제주특별자치도,2020-12,7.625,41.05,3.8,4
제주특별자치도,2021-01,6.7,84.225,4.575,9.2
제주특별자치도,2021-02,9.3,54.65,4.475,1.8
제주특별자치도,2021-03,12.525,140.825,3.625,
제주특별자치도,2021-04,15.35,109.175,3.7,
제주특별자치도,2021-05,18.575,136.55,3.4,
제주특별자치도,2021-06,22.75,172.075,2.675,
제주특별자치도,2021-07,26.925,201.65,3.3,
제주특별자치도,2021-08,26.65,290.175,2.9,
제주특별자치도,2021-09,24.475,491.3,3.45,
제주특별자치도,2021-10,20,46.625,3.175,
제주특별자치도,2021-11,13.8,58.65,4.175,
제주특별자치도,2021-12,8.8,23.625,4.55,4.4
제주특별자치도,2022-01,6.325,31.8,4.025,0.4
제주특별자치도,2022-02,5.4,20.75,4.425,0.3
제주특별자치도,2022-03,11.45,115.625,3.775,
제주특별자치도,2022-04,15.425,99.6,3.15,
제주특별자치도,2022-05,18.875,17.05,2.95,
제주특별자치도,2022-06,22.65,197.475,3.425,
제주특별자치도,2022-07,27.3,226.325,3.2,
제주특별자치도,2022-08,28.1,191.1,3.475,
제주특별자치도,2022-09,23.975,306.275,3.9,
제주특별자치도,2022-10,18.325,19.625,3.975,
제주특별자치도,2022-11,15.475,102.475,3.525,
제주특별자치도,2022-12,6.8,34.325,4.725,7.9
제주특별자치도,2023-01,6.7,59.7,4.2,3.7
제주특별자치도,2023-02,7.95,78.175,3.7,
제주특별자치도,2023-03,12.4,52.625,3.35,
제주특별자치도,2023-04,15.225,134.75,4.175,
제주특별자치도,2023-05,18.45,408.075,3.25,
제주특별자치도,2023-06,22.375,292.325,2.975,
제주특별자치도,2023-07,26.625,291.75,3.275,
제주특별자치도,2023-08,27.95,196.175,3.275,
제주특별자치도,2023-09,25.4,126.6,2.875,
제주특별자치도,2023-10,19.175,21.3,3.15,
제주특별자치도,2023-11,13.725,55.75,4.35,
제주특별자치도,2023-12,9.4,73.95,4.35,12.2
제주특별자치도,2024-01,7.825,72.15,4.2,3.7
제주특별자치도,2024-02,9.675,192.35,4.025,
제주특별자치도,2024-03,10.675,116.025,4,
제주특별자치도,2024-04,16.175,174.075,2.85,
제주특별자치도,2024-05,18.65,128.8,3.375,
제주특별자치도,2024-06,22.25,432.775,2.775,
제주특별자치도,2024-07,27.375,172.75,3.8,
제주특별자치도,2024-08,29.325,78.225,2.95,
제주특별자치도,2024-09,27.4,126.75,3.175,
제주특별자치도,2024-10,20.925,130.2,3.6,
제주특별자치도,2024-11,15.1,298.875,4.225,
제주특별자치도,2024-12,8.375,5.875,4.725,
제주특별자치도,2025-01,6.525,19.575,4.55,3.9
제주특별자치도,2025-02,5.2,78.075,5.075,5.8
제주특별자치도,2025-03,10.95,90.375,4.45,
제주특별자치도,2025-04,14.8,103.2,3.9,
제주특별자치도,2025-05,17.5,237.9,3.3,
제주특별자치도,2025-06,22.525,145.15,2.975,
세종특별자치시,2019-05,0,0.2,0,
세종특별자치시,2019-06,21.7,103.5,1.1,
세종특별자치시,2019-07,25.2,274.4,1.3,
세종특별자치시,2019-08,26.2,187.7,1.2,
세종특별자치시,2019-09,21.8,163.2,1.3,
세종특별자치시,2019-10,15.6,91.6,1.1,
세종특별자치시,2019-11,8.1,112.2,1.1,
세종특별자치시,2019-12,2,26.5,1.1,
세종특별자치시,2020-01,2.1,81.3,1.1,
세종특별자치시,2020-02,2.9,89.7,1.3,
세종특별자치시,2020-03,7.8,22.6,1.6,
세종특별자치시,2020-04,10.8,17.6,1.9,
세종특별자치시,2020-05,18.2,91.6,1.5,
세종특별자치시,2020-06,23.2,214.2,1.3,
세종특별자치시,2020-07,23.2,436.4,1.3,
세종특별자치시,2020-08,26.8,501.1,1.4,
세종특별자치시,2020-09,20.5,171.3,1.5,
세종특별자치시,2020-10,13.4,6.4,1.2,
세종특별자치시,2020-11,8,50.1,1.2,
세종특별자치시,2020-12,-0.1,3.5,1.3,
세종특별자치시,2021-01,-1.7,22,1.3,
세종특별자치시,2021-02,3.2,14.4,1.7,
세종특별자치시,2021-03,8.8,99.8,1.4,
세종특별자치시,2021-04,13.9,56,1.7,
세종특별자치시,2021-05,16.8,141.9,1.4,
세종특별자치시,2021-06,22.6,67.8,1.3,
세종특별자치시,2021-07,26.9,180.7,1.3,
세종특별자치시,2021-08,25.1,232.1,1.2,
세종특별자치시,2021-09,21.8,184.6,1.6,
세종특별자치시,2021-10,15,36.4,1.1,
세종특별자치시,2021-11,8.2,60.9,1.1,
세종특별자치시,2021-12,1.2,8,1.3,
세종특별자치시,2022-01,-1.4,2.7,1.1,
세종특별자치시,2022-02,-0.4,2.2,1.5,
세종특별자치시,2022-03,7.7,77.1,1.4,
세종특별자치시,2022-04,14.2,53.7,1.4,
세종특별자치시,2022-05,18.4,9.4,1.5,
세종특별자치시,2022-06,23.3,118.5,1.6,
세종특별자치시,2022-07,26.4,239.5,1.2,
세종특별자치시,2022-08,25.3,421,1.3,
세종특별자치시,2022-09,21.8,138.8,1.5,
세종특별자치시,2022-10,13.9,100.7,1.1,
세종특별자치시,2022-11,9.4,39.8,1,
세종특별자치시,2022-12,-2.4,19,1.1,
세종특별자치시,2023-01,-1.2,26.3,1.3,
세종특별자치시,2023-02,2,4.1,1.4,
세종특별자치시,2023-03,9.6,18.5,1.6,
세종특별자치시,2023-04,13.3,48.8,1.8,
세종특별자치시,2023-05,18.5,194.2,1.4,
세종특별자치시,2023-06,23.1,112.6,1.5,
세종특별자치시,2023-07,25.6,866.5,1.3,
세종특별자치시,2023-08,26.7,301.6,1.5,
세종특별자치시,2023-09,22.7,373.1,1.2,
세종특별자치시,2023-10,14.8,5.3,1.2,
세종특별자치시,2023-11,7.6,40,1.6,
세종특별자치시,2023-12,2.3,112.3,1.4,
세종특별자치시,2024-01,0.1,42.5,1.3,
세종특별자치시,2024-02,4,104,1.5,
세종특별자치시,2024-03,7,48.8,1.8,
세종특별자치시,2024-04,15.8,43.3,1.5,
세종특별자치시,2024-05,17.9,128.8,1.5,
세종특별자치시,2024-06,23.3,104.3,1.3,
세종특별자치시,2024-07,26.2,542.1,1.5,
세종특별자치시,2024-08,28.1,70.7,1.3,
세종특별자치시,2024-09,25.2,232.1,1.4,
세종특별자치시,2024-10,15.7,97.1,1.1,
세종특별자치시,2024-11,9.5,43.1,1.2,
세종특별자치시,2024-12,1.3,6,1.3,
세종특별자치시,2025-01,-0.3,19,1.3,
세종특별자치시,2025-02,-0.9,10.3,1.7,
세종특별자치시,2025-03,7.7,55,1.9,
세종특별자치시,2025-04,13.4,72.4,1.7,
세종특별자치시,2025-05,17.1,78.5,1.4,
세종특별자치시,2025-06,23.1,222.9,1.3,
